energy_level,valence_level,avg_energy,avg_valence
High Energy,Medium Low Valence,0.8304872798434446,0.4031777886497065
Low Energy,Low Valence,0.12006288253012029,0.14272876506024093
Medium High Energy,Medium High Valence,0.7471335707925205,0.744597506678541
Medium High Energy,Medium Low Valence,0.5371174334140436,0.2655506053268766
