name,avg_energy,avg_valence
0,0.8950666666666666,0.32880000000000004
1,0.6364230769230771,0.1632846153846154
2,0.6824399999999998,0.64396
3,0.48211111111111105,0.433
4,0.8474285714285713,0.832
5,0.38697999999999994,0.15176
6,0.5448333333333334,0.8316666666666666
7,0.6952580645161291,0.3824516129032258
