energy_level,valence_level,avg_energy,avg_valence
High Energy,High Valence,0.8329285714285714,0.8295
Medium High Energy,Medium Low Valence,0.6942962962962964,0.38751851851851854
Medium High Energy,Low Valence,0.5927727272727273,0.15350909090909093
High Energy,Medium Low Valence,0.9115161290322579,0.4326774193548387
